{"mean": 0.36343336254358294, "standard_deviation": 0.0848912916880714, "scores": [0.375, 0.4117647111415863, 0.4000000059604645, 0.3076923191547394, 0.4166666567325592, 0.22727273404598236, 0.4285714328289032, 0.3214285671710968, 0.3636363744735718, 0.2142857164144516, 0.36000001430511475, 0.3181818127632141, 0.46666666865348816, 0.4193548262119293, 0.3333333432674408, 0.21052631735801697, 0.3571428656578064, 0.47999998927116394, 0.523809552192688, 0.3333333432674408]}