{"mean": 0.7260336399078369, "standard_deviation": 0.09965122009991645, "scores": [0.75, 0.6470588445663452, 0.8500000238418579, 0.6153846383094788, 0.8333333134651184, 0.5, 0.6190476417541504, 0.8571428656578064, 0.7575757503509521, 0.7142857313156128, 0.6399999856948853, 0.7272727489471436, 0.8666666746139526, 0.7419354915618896, 0.6190476417541504, 0.7368420958518982, 0.7857142686843872, 0.6800000071525574, 0.8571428656578064, 0.7222222089767456]}