{"mean": 0.3135098978877068, "standard_deviation": 0.06223570001965615, "scores": [0.1875, 0.38235294818878174, 0.3499999940395355, 0.3076923191547394, 0.3333333432674408, 0.22727273404598236, 0.380952388048172, 0.3928571343421936, 0.3333333432674408, 0.2142857164144516, 0.3199999928474426, 0.3181818127632141, 0.4000000059604645, 0.29032257199287415, 0.3333333432674408, 0.21052631735801697, 0.3571428656578064, 0.3199999928474426, 0.3333333432674408, 0.2777777910232544]}