{"mean": 0.9403214871883392, "standard_deviation": 0.05709621414719349, "scores": [0.875, 0.9117646813392639, 0.8999999761581421, 1.0, 1.0, 0.9545454382896423, 0.9047619104385376, 1.0, 1.0, 0.8571428656578064]}