{"mean": 0.7753552407026291, "standard_deviation": 0.09417871400689078, "scores": [0.84375, 0.8235294222831726, 0.800000011920929, 0.5384615659713745, 1.0, 0.6818181872367859, 0.8095238208770752, 0.7857142686843872, 0.8181818127632141, 0.75, 0.7200000286102295, 0.8636363744735718, 0.800000011920929, 0.774193525314331, 0.7142857313156128, 0.8421052694320679, 0.7857142686843872, 0.6800000071525574, 0.8095238208770752, 0.6666666865348816]}