{"mean": 0.9938446998596191, "standard_deviation": 0.012978431663072987, "scores": [1.0, 0.9696969985961914, 1.0, 1.0, 1.0, 1.0, 1.0, 1.0, 0.96875, 1.0]}