{"mean": 0.585290840268135, "standard_deviation": 0.16861202493220204, "scores": [0.53125, 0.6363636255264282, 0.3636363744735718, 0.4615384638309479, 0.5, 1.0, 0.40909090638160706, 0.7142857313156128, 0.75, 0.6896551847457886, 0.47999998927116394, 0.6666666865348816, 0.46666666865348816, 0.8999999761581421, 0.30000001192092896, 0.6842105388641357, 0.4285714328289032, 0.5185185074806213, 0.4761904776096344, 0.6111111044883728, 0.9200000166893005, 0.3529411852359772, 0.46666666865348816, 0.6666666865348816, 0.5, 0.5, 0.375, 0.30000001192092896, 0.625, 0.8461538553237915, 0.7575757503509521, 0.6111111044883728, 0.8409090638160706, 0.692307710647583, 0.6875, 0.5600000023841858, 0.5333333611488342, 0.6857143044471741, 0.43478259444236755, 0.4000000059604645, 0.760869562625885, 0.4444444477558136, 0.6896551847457886, 0.7272727489471436, 0.8333333134651184, 0.8095238208770752, 0.529411792755127, 0.6666666865348816, 0.27272728085517883, 0.625, 0.6666666865348816, 0.7058823704719543, 0.5517241358757019, 0.7419354915618896, 0.800000011920929, 0.523809552192688, 0.3636363744735718, 0.7906976938247681, 0.9375, 0.800000011920929, 0.8799999952316284, 0.65625, 0.6470588445663452, 0.550000011920929, 0.5641025900840759, 0.46666666865348816, 0.44999998807907104, 0.8095238208770752, 0.3478260934352875, 0.625, 0.38461539149284363, 0.4285714328289032, 0.6842105388641357, 0.5074626803398132, 0.4722222089767456, 0.5652173757553101, 0.8387096524238586, 0.46666666865348816, 0.30000001192092896, 0.46666666865348816, 0.523809552192688, 0.3461538553237915, 0.5555555820465088, 0.48275861144065857, 0.6153846383094788, 0.5714285969734192, 0.6470588445663452, 0.34090909361839294, 0.3478260934352875, 0.5416666865348816, 0.3888888955116272, 0.5, 0.3333333432674408, 0.7419354915618896, 0.75, 0.604651153087616, 0.8666666746139526, 0.42500001192092896, 0.6399999856948853, 0.6111111044883728]}