{"mean": 0.4282306216657162, "standard_deviation": 0.09775197153109362, "scores": [0.40625, 0.42424243688583374, 0.27272728085517883, 0.4615384638309479, 0.5, 0.5, 0.40909090638160706, 0.2857142984867096, 0.375, 0.37931033968925476, 0.5600000023841858, 0.4285714328289032, 0.5333333611488342, 0.4333333373069763, 0.3499999940395355, 0.6315789222717285, 0.3571428656578064, 0.48148149251937866, 0.2857142984867096, 0.4444444477558136, 0.6399999856948853, 0.3529411852359772, 0.4000000059604645, 0.380952388048172, 0.4615384638309479, 0.5, 0.375, 0.3499999940395355, 0.375, 0.4615384638309479, 0.4545454680919647, 0.3888888955116272, 0.4318181872367859, 0.4615384638309479, 0.625, 0.5600000023841858, 0.46666666865348816, 0.4285714328289032, 0.3913043439388275, 0.36666667461395264, 0.3478260934352875, 0.2777777910232544, 0.4482758641242981, 0.5454545617103577, 0.4444444477558136, 0.523809552192688, 0.4117647111415863, 0.5555555820465088, 0.6363636255264282, 0.1666666716337204, 0.3333333432674408, 0.4117647111415863, 0.517241358757019, 0.4516128897666931, 0.550000011920929, 0.5714285969734192, 0.40909090638160706, 0.39534884691238403, 0.5, 0.46666666865348816, 0.4399999976158142, 0.59375, 0.47058823704719543, 0.550000011920929, 0.41025641560554504, 0.5333333611488342, 0.3499999940395355, 0.5, 0.3913043439388275, 0.5, 0.38461539149284363, 0.2857142984867096, 0.42105263471603394, 0.35820895433425903, 0.3333333432674408, 0.3913043439388275, 0.29032257199287415, 0.46666666865348816, 0.15000000596046448, 0.3333333432674408, 0.2857142984867096, 0.42307692766189575, 0.5, 0.37931033968925476, 0.6153846383094788, 0.4761904776096344, 0.3529411852359772, 0.25, 0.3913043439388275, 0.4166666567325592, 0.4444444477558136, 0.27272728085517883, 0.3636363744735718, 0.4838709533214569, 0.5, 0.5581395626068115, 0.4000000059604645, 0.30000001192092896, 0.4000000059604645, 0.5]}