{"mean": 0.5405353358387948, "standard_deviation": 0.09969161683674849, "scores": [0.5625, 0.6666666865348816, 0.3181818127632141, 0.5384615659713745, 0.5, 0.5416666865348816, 0.5, 0.5714285969734192, 0.5, 0.517241358757019, 0.6000000238418579, 0.4761904776096344, 0.46666666865348816, 0.5666666626930237, 0.44999998807907104, 0.5789473652839661, 0.4285714328289032, 0.6296296119689941, 0.5714285969734192, 0.5, 0.6800000071525574, 0.3529411852359772, 0.5333333611488342, 0.523809552192688, 0.6538461446762085, 0.5555555820465088, 0.5416666865348816, 0.44999998807907104, 0.625, 0.4615384638309479, 0.6060606241226196, 0.5555555820465088, 0.5, 0.5384615659713745, 0.5625, 0.6399999856948853, 0.3333333432674408, 0.5714285969734192, 0.3913043439388275, 0.5666666626930237, 0.52173912525177, 0.3333333432674408, 0.5862069129943848, 0.5454545617103577, 0.5555555820465088, 0.6190476417541504, 0.47058823704719543, 0.6111111044883728, 0.5, 0.4583333432674408, 0.5333333611488342, 0.5588235259056091, 0.5862069129943848, 0.774193525314331, 0.6000000238418579, 0.4761904776096344, 0.40909090638160706, 0.6279069781303406, 0.6875, 0.6000000238418579, 0.6399999856948853, 0.8125, 0.6470588445663452, 0.6499999761581421, 0.692307710647583, 0.4000000059604645, 0.6000000238418579, 0.6904761791229248, 0.3478260934352875, 0.7083333134651184, 0.4615384638309479, 0.6190476417541504, 0.5263158082962036, 0.6268656849861145, 0.4444444477558136, 0.6521739363670349, 0.4193548262119293, 0.5333333611488342, 0.44999998807907104, 0.6000000238418579, 0.4285714328289032, 0.5, 0.4444444477558136, 0.517241358757019, 0.6153846383094788, 0.6190476417541504, 0.5882353186607361, 0.4545454680919647, 0.52173912525177, 0.4166666567325592, 0.3888888955116272, 0.7272727489471436, 0.4848484992980957, 0.5483871102333069, 0.4166666567325592, 0.7209302186965942, 0.5333333611488342, 0.4749999940395355, 0.5600000023841858, 0.3888888955116272]}