{"mean": 0.6009456330537796, "standard_deviation": 0.10361800324895495, "scores": [0.65625, 0.7575757503509521, 0.4545454680919647, 0.7692307829856873, 0.5, 0.5, 0.4545454680919647, 0.5357142686843872, 0.625, 0.5517241358757019, 0.7200000286102295, 0.6190476417541504, 0.6666666865348816, 0.7333333492279053, 0.6499999761581421, 0.5789473652839661, 0.6428571343421936, 0.6666666865348816, 0.523809552192688, 0.6111111044883728, 0.7200000286102295, 0.47058823704719543, 0.46666666865348816, 0.523809552192688, 0.5384615659713745, 0.7222222089767456, 0.7083333134651184, 0.550000011920929, 0.625, 0.6153846383094788, 0.5757575631141663, 0.5, 0.7727272510528564, 0.4615384638309479, 0.625, 0.6399999856948853, 0.4000000059604645, 0.6857143044471741, 0.52173912525177, 0.699999988079071, 0.717391312122345, 0.5, 0.6896551847457886, 0.6363636255264282, 0.5555555820465088, 0.7142857313156128, 0.6470588445663452, 0.7222222089767456, 0.5454545617103577, 0.5833333134651184, 0.4000000059604645, 0.6176470518112183, 0.6551724076271057, 0.5806451439857483, 0.6000000238418579, 0.4761904776096344, 0.4545454680919647, 0.6976743936538696, 0.625, 0.5333333611488342, 0.6000000238418579, 0.71875, 0.6470588445663452, 0.8500000238418579, 0.7948718070983887, 0.6000000238418579, 0.550000011920929, 0.738095223903656, 0.47826087474823, 0.5833333134651184, 0.38461539149284363, 0.6666666865348816, 0.5263158082962036, 0.6716417670249939, 0.5, 0.6086956262588501, 0.4838709533214569, 0.5333333611488342, 0.3499999940395355, 0.7333333492279053, 0.5714285969734192, 0.6153846383094788, 0.5555555820465088, 0.517241358757019, 0.7692307829856873, 0.761904776096344, 0.529411792755127, 0.4318181872367859, 0.695652186870575, 0.625, 0.5, 0.5909090638160706, 0.5454545617103577, 0.5806451439857483, 0.5833333134651184, 0.7906976938247681, 0.5333333611488342, 0.5249999761581421, 0.6399999856948853, 0.7222222089767456]}