{"mean": 0.7462660339474678, "standard_deviation": 0.10709168981207812, "scores": [0.71875, 0.8787878751754761, 0.8181818127632141, 0.8461538553237915, 0.9166666865348816, 0.8333333134651184, 0.7272727489471436, 0.8571428656578064, 0.78125, 0.6551724076271057, 0.800000011920929, 0.7142857313156128, 0.8666666746139526, 0.800000011920929, 0.6499999761581421, 0.6315789222717285, 0.5714285969734192, 0.7407407164573669, 0.7142857313156128, 0.7777777910232544, 0.7599999904632568, 0.7058823704719543, 0.7333333492279053, 0.8095238208770752, 0.8846153616905212, 0.8333333134651184, 0.7916666865348816, 0.6000000238418579, 0.75, 0.5384615659713745, 0.8484848737716675, 0.6111111044883728, 0.8636363744735718, 0.6153846383094788, 0.6875, 0.8399999737739563, 0.7333333492279053, 0.800000011920929, 0.695652186870575, 0.7666666507720947, 0.804347813129425, 0.6666666865348816, 0.7241379022598267, 0.9090909361839294, 0.8333333134651184, 0.8095238208770752, 0.7058823704719543, 0.8333333134651184, 0.8181818127632141, 0.5833333134651184, 0.7333333492279053, 0.8235294222831726, 0.7586206793785095, 0.774193525314331, 0.699999988079071, 0.761904776096344, 0.6818181872367859, 0.8604651093482971, 0.9375, 0.8666666746139526, 0.9200000166893005, 0.875, 0.7058823704719543, 0.949999988079071, 0.7692307829856873, 0.800000011920929, 0.699999988079071, 0.8809523582458496, 0.47826087474823, 0.8958333134651184, 0.4615384638309479, 0.761904776096344, 0.6315789222717285, 0.8208954930305481, 0.6111111044883728, 0.695652186870575, 0.5483871102333069, 0.6666666865348816, 0.6000000238418579, 0.6000000238418579, 0.6666666865348816, 0.8461538553237915, 0.8333333134651184, 0.5862069129943848, 0.692307710647583, 0.8571428656578064, 0.5882353186607361, 0.5454545617103577, 0.8260869383811951, 0.625, 0.6111111044883728, 0.7272727489471436, 0.6969696879386902, 0.7096773982048035, 0.6666666865348816, 0.8837209343910217, 0.800000011920929, 0.800000011920929, 0.7599999904632568, 0.7777777910232544]}