{"mean": 0.4705210845172405, "standard_deviation": 0.11772317774307901, "scores": [0.5, 0.5151515007019043, 0.40909090638160706, 0.38461539149284363, 0.5, 0.5416666865348816, 0.4545454680919647, 0.3571428656578064, 0.625, 0.37931033968925476, 0.4399999976158142, 0.523809552192688, 0.8666666746139526, 0.7333333492279053, 0.3499999940395355, 0.2631579041481018, 0.3571428656578064, 0.6296296119689941, 0.4285714328289032, 0.5555555820465088, 0.6399999856948853, 0.47058823704719543, 0.6000000238418579, 0.4285714328289032, 0.5, 0.5555555820465088, 0.375, 0.3499999940395355, 0.25, 0.38461539149284363, 0.6060606241226196, 0.5555555820465088, 0.5909090638160706, 0.5384615659713745, 0.5625, 0.6399999856948853, 0.4000000059604645, 0.5142857432365417, 0.30434781312942505, 0.5333333611488342, 0.5, 0.5, 0.4137931168079376, 0.6363636255264282, 0.6111111044883728, 0.4285714328289032, 0.529411792755127, 0.4444444477558136, 0.5909090638160706, 0.375, 0.4000000059604645, 0.5882353186607361, 0.6206896305084229, 0.3870967626571655, 0.6000000238418579, 0.2857142984867096, 0.3636363744735718, 0.44186046719551086, 0.625, 0.46666666865348816, 0.5199999809265137, 0.625, 0.529411792755127, 0.4000000059604645, 0.6410256624221802, 0.46666666865348816, 0.5, 0.4047619104385376, 0.3913043439388275, 0.5208333134651184, 0.38461539149284363, 0.380952388048172, 0.42105263471603394, 0.46268656849861145, 0.3888888955116272, 0.43478259444236755, 0.3870967626571655, 0.4000000059604645, 0.20000000298023224, 0.4000000059604645, 0.4285714328289032, 0.26923078298568726, 0.4444444477558136, 0.37931033968925476, 0.6153846383094788, 0.4761904776096344, 0.4117647111415863, 0.27272728085517883, 0.43478259444236755, 0.5, 0.5, 0.3181818127632141, 0.27272728085517883, 0.35483869910240173, 0.4166666567325592, 0.6744186282157898, 0.4000000059604645, 0.3499999940395355, 0.6399999856948853, 0.6111111044883728]}