{"mean": 0.6927261456847191, "standard_deviation": 0.13623034862761346, "scores": [0.28125, 0.7878788113594055, 0.5454545617103577, 0.4615384638309479, 0.9166666865348816, 0.8333333134651184, 0.7272727489471436, 0.6785714030265808, 0.78125, 0.517241358757019, 0.7599999904632568, 0.761904776096344, 0.8666666746139526, 0.9666666388511658, 0.6000000238418579, 0.6315789222717285, 0.6428571343421936, 0.8888888955116272, 0.7142857313156128, 0.6666666865348816, 0.6399999856948853, 0.6470588445663452, 0.7333333492279053, 0.7142857313156128, 0.8461538553237915, 0.7777777910232544, 0.75, 0.6499999761581421, 0.75, 0.692307710647583, 0.8787878751754761, 0.7777777910232544, 0.8181818127632141, 0.6153846383094788, 0.8125, 0.8399999737739563, 0.6000000238418579, 0.8571428656578064, 0.695652186870575, 0.7333333492279053, 0.5869565010070801, 0.6111111044883728, 0.7241379022598267, 0.8181818127632141, 0.7222222089767456, 0.5714285969734192, 0.7647058963775635, 0.4444444477558136, 0.8181818127632141, 0.5, 0.46666666865348816, 0.8529411554336548, 0.6896551847457886, 0.8387096524238586, 0.699999988079071, 0.9523809552192688, 0.4545454680919647, 0.7209302186965942, 0.9375, 0.7333333492279053, 0.6000000238418579, 0.84375, 0.5882353186607361, 0.800000011920929, 0.7435897588729858, 0.6666666865348816, 0.75, 0.7857142686843872, 0.6086956262588501, 0.8333333134651184, 0.5384615659713745, 0.5714285969734192, 0.6315789222717285, 0.7014925479888916, 0.7222222089767456, 0.695652186870575, 0.5806451439857483, 0.7333333492279053, 0.44999998807907104, 0.6666666865348816, 0.4285714328289032, 0.8461538553237915, 0.5555555820465088, 0.5862069129943848, 0.692307710647583, 0.6666666865348816, 0.7647058963775635, 0.7272727489471436, 0.782608687877655, 0.8333333134651184, 0.3888888955116272, 0.5, 0.5757575631141663, 0.6129032373428345, 0.5, 0.9069767594337463, 0.800000011920929, 0.75, 0.5199999809265137, 0.5555555820465088]}