{"mean": 0.6245837247371674, "standard_deviation": 0.13983363002784527, "scores": [0.28125, 0.8181818127632141, 0.4545454680919647, 0.692307710647583, 0.75, 0.7083333134651184, 0.6818181872367859, 0.5714285969734192, 0.78125, 0.517241358757019, 0.6800000071525574, 0.6190476417541504, 0.9333333373069763, 0.699999988079071, 0.5, 0.7368420958518982, 0.7142857313156128, 0.8148148059844971, 0.8095238208770752, 0.7777777910232544, 0.7200000286102295, 0.529411792755127, 0.5333333611488342, 0.4285714328289032, 0.4615384638309479, 0.7222222089767456, 0.7083333134651184, 0.44999998807907104, 0.6875, 0.5384615659713745, 0.7878788113594055, 0.5555555820465088, 0.6136363744735718, 0.692307710647583, 0.75, 0.6399999856948853, 0.4000000059604645, 0.6285714507102966, 0.47826087474823, 0.7333333492279053, 0.5, 0.5, 0.6206896305084229, 0.8181818127632141, 0.7222222089767456, 1.0, 0.7058823704719543, 0.7222222089767456, 0.7727272510528564, 0.375, 0.46666666865348816, 0.5588235259056091, 0.6896551847457886, 0.6774193644523621, 0.6499999761581421, 0.6190476417541504, 0.5909090638160706, 0.8372092843055725, 0.625, 0.6000000238418579, 0.6000000238418579, 0.90625, 0.7647058963775635, 0.699999988079071, 0.7435897588729858, 0.5333333611488342, 0.6000000238418579, 0.4285714328289032, 0.6086956262588501, 0.7083333134651184, 0.4615384638309479, 0.5714285969734192, 0.5263158082962036, 0.5671641826629639, 0.4166666567325592, 0.695652186870575, 0.6774193644523621, 0.6000000238418579, 0.30000001192092896, 0.7333333492279053, 0.5714285969734192, 0.42307692766189575, 0.6666666865348816, 0.48275861144065857, 0.8461538553237915, 0.4285714328289032, 0.7058823704719543, 0.34090909361839294, 0.695652186870575, 0.5833333134651184, 0.5555555820465088, 0.3636363744735718, 0.6060606241226196, 0.4838709533214569, 0.5, 0.7209302186965942, 0.6666666865348816, 0.675000011920929, 0.6800000071525574, 0.6666666865348816]}