{"mean": 0.9108584368228912, "standard_deviation": 0.07805457508671063, "scores": [0.96875, 0.9696969985961914, 0.8181818127632141, 0.9230769276618958, 0.9166666865348816, 0.9166666865348816, 0.7727272510528564, 1.0, 1.0, 0.8620689511299133, 0.9200000166893005, 0.9047619104385376, 0.9333333373069763, 0.9333333373069763, 0.8500000238418579, 0.8421052694320679, 1.0, 0.8888888955116272, 0.8571428656578064, 1.0, 0.9599999785423279, 0.7647058963775635, 1.0, 0.9047619104385376, 1.0, 0.9444444179534912, 0.9583333134651184, 0.8500000238418579, 0.9375, 0.9230769276618958, 0.939393937587738, 0.7777777910232544, 1.0, 0.9230769276618958, 0.875, 0.9599999785423279, 0.800000011920929, 1.0, 0.8695651888847351, 0.9333333373069763, 0.97826087474823, 0.7777777910232544, 0.8965517282485962, 0.9090909361839294, 0.8888888955116272, 1.0, 0.8823529481887817, 0.8333333134651184, 0.9090909361839294, 0.875, 0.9333333373069763, 0.970588207244873, 0.9655172228813171, 0.9354838728904724, 0.800000011920929, 0.9523809552192688, 0.8181818127632141, 0.9534883499145508, 1.0, 0.9333333373069763, 0.8799999952316284, 0.96875, 0.8823529481887817, 1.0, 0.9230769276618958, 0.9333333373069763, 0.8999999761581421, 0.9523809552192688, 0.9130434989929199, 0.9583333134651184, 0.7692307829856873, 0.9047619104385376, 0.7368420958518982, 0.9104477763175964, 0.8333333134651184, 0.95652174949646, 1.0, 0.9333333373069763, 0.8500000238418579, 1.0, 0.8571428656578064, 0.9230769276618958, 1.0, 0.8275862336158752, 0.9230769276618958, 0.9047619104385376, 0.8823529481887817, 0.7954545617103577, 1.0, 1.0, 0.6666666865348816, 1.0, 0.939393937587738, 0.9677419066429138, 0.5833333134651184, 0.9534883499145508, 1.0, 0.925000011920929, 0.9200000166893005, 1.0]}