{"mean": 0.6751277667284011, "standard_deviation": 0.1156558292352016, "scores": [0.6875, 0.8181818127632141, 0.5909090638160706, 0.5384615659713745, 0.8333333134651184, 0.5833333134651184, 0.6363636255264282, 0.6785714030265808, 0.71875, 0.5517241358757019, 0.7599999904632568, 0.6666666865348816, 0.800000011920929, 0.8333333134651184, 0.75, 0.6842105388641357, 0.7857142686843872, 0.7037037014961243, 0.8095238208770752, 0.6666666865348816, 0.800000011920929, 0.5882353186607361, 0.6000000238418579, 0.4761904776096344, 0.7307692170143127, 0.6666666865348816, 0.5833333134651184, 0.550000011920929, 0.75, 0.4615384638309479, 0.7878788113594055, 0.6666666865348816, 0.8181818127632141, 0.6153846383094788, 0.75, 0.7599999904632568, 0.6000000238418579, 0.7428571581840515, 0.6086956262588501, 0.6333333253860474, 0.6739130616188049, 0.4444444477558136, 0.6206896305084229, 0.6363636255264282, 0.6666666865348816, 0.7142857313156128, 0.7058823704719543, 0.5555555820465088, 0.6818181872367859, 0.625, 0.7333333492279053, 0.7352941036224365, 0.7586206793785095, 0.8064516186714172, 0.6499999761581421, 0.6666666865348816, 0.7272727489471436, 0.7441860437393188, 0.9375, 0.6666666865348816, 0.7200000286102295, 0.875, 0.7058823704719543, 0.8999999761581421, 0.7692307829856873, 0.7333333492279053, 0.699999988079071, 0.6190476417541504, 0.52173912525177, 0.7708333134651184, 0.38461539149284363, 0.8095238208770752, 0.6315789222717285, 0.746268630027771, 0.4444444477558136, 0.739130437374115, 0.4838709533214569, 0.6000000238418579, 0.4000000059604645, 0.6666666865348816, 0.5714285969734192, 0.6538461446762085, 0.7222222089767456, 0.5862069129943848, 0.8461538553237915, 0.6666666865348816, 0.5882353186607361, 0.5909090638160706, 0.695652186870575, 0.5416666865348816, 0.3333333432674408, 0.8181818127632141, 0.6060606241226196, 0.7419354915618896, 0.6666666865348816, 0.9534883499145508, 0.6000000238418579, 0.7250000238418579, 0.6800000071525574, 0.6666666865348816]}