{"mean": 0.4484315852820873, "standard_deviation": 0.10587197820913068, "scores": [0.34375, 0.5454545617103577, 0.3636363744735718, 0.4615384638309479, 0.3333333432674408, 0.5416666865348816, 0.40909090638160706, 0.4642857015132904, 0.40625, 0.4482758641242981, 0.4000000059604645, 0.4761904776096344, 0.7333333492279053, 0.5, 0.3499999940395355, 0.4736842215061188, 0.3571428656578064, 0.4444444477558136, 0.4285714328289032, 0.5555555820465088, 0.5199999809265137, 0.529411792755127, 0.46666666865348816, 0.380952388048172, 0.6153846383094788, 0.4444444477558136, 0.4166666567325592, 0.4000000059604645, 0.5, 0.38461539149284363, 0.5757575631141663, 0.5, 0.4545454680919647, 0.5384615659713745, 0.4375, 0.5199999809265137, 0.2666666805744171, 0.48571428656578064, 0.43478259444236755, 0.4000000059604645, 0.3695652186870575, 0.2777777910232544, 0.4137931168079376, 0.5454545617103577, 0.3333333432674408, 0.6666666865348816, 0.529411792755127, 0.4444444477558136, 0.3181818127632141, 0.25, 0.4000000059604645, 0.4117647111415863, 0.5862069129943848, 0.6774193644523621, 0.6000000238418579, 0.2857142984867096, 0.3636363744735718, 0.4651162922382355, 0.5625, 0.6000000238418579, 0.5600000023841858, 0.5625, 0.529411792755127, 0.5, 0.5384615659713745, 0.5333333611488342, 0.44999998807907104, 0.4285714328289032, 0.260869562625885, 0.5625, 0.38461539149284363, 0.5714285969734192, 0.42105263471603394, 0.447761207818985, 0.4166666567325592, 0.43478259444236755, 0.22580644488334656, 0.4000000059604645, 0.25, 0.4000000059604645, 0.2857142984867096, 0.23076923191547394, 0.4444444477558136, 0.4137931168079376, 0.6153846383094788, 0.3333333432674408, 0.4117647111415863, 0.25, 0.30434781312942505, 0.4583333432674408, 0.3888888955116272, 0.4545454680919647, 0.39393940567970276, 0.4838709533214569, 0.5, 0.5813953280448914, 0.6666666865348816, 0.375, 0.5199999809265137, 0.4444444477558136]}